REGION,EJKAT20,TAL,TID,INDHOLD
All Denmark,One-family houses,"Priceindex, seasonally adjusted",2007Q4,81.0
All Denmark,"Owner-occupied flats, total","Priceindex, seasonally adjusted",2007Q4,64.5
All Denmark,One-family houses,"Priceindex, seasonally adjusted",2005Q3,64.8
All Denmark,"Owner-occupied flats, total","Priceindex, seasonally adjusted",2005Q3,57.8
All Denmark,One-family houses,"Priceindex, seasonally adjusted",2012Q3,64.9
All Denmark,"Owner-occupied flats, total","Priceindex, seasonally adjusted",2012Q3,55.8
All Denmark,One-family houses,"Priceindex, seasonally adjusted",2019Q4,85.1
All Denmark,"Owner-occupied flats, total","Priceindex, seasonally adjusted",2019Q4,86.2
All Denmark,One-family houses,"Priceindex, seasonally adjusted",2025Q1,104.6
All Denmark,"Owner-occupied flats, total","Priceindex, seasonally adjusted",2025Q1,107.3
All Denmark,One-family houses,"Priceindex, seasonally adjusted",2005Q1,58.5
All Denmark,"Owner-occupied flats, total","Priceindex, seasonally adjusted",2005Q1,50.6
All Denmark,One-family houses,"Priceindex, seasonally adjusted",2013Q4,67.2
All Denmark,"Owner-occupied flats, total","Priceindex, seasonally adjusted",2013Q4,60.8
All Denmark,One-family houses,"Priceindex, seasonally adjusted",2018Q2,81.5
All Denmark,"Owner-occupied flats, total","Priceindex, seasonally adjusted",2018Q2,84.9
All Denmark,One-family houses,"Priceindex, seasonally adjusted",2008Q1,80.2
All Denmark,"Owner-occupied flats, total","Priceindex, seasonally adjusted",2008Q1,63.7
All Denmark,One-family houses,"Priceindex, seasonally adjusted",2006Q2,77.8
All Denmark,"Owner-occupied flats, total","Priceindex, seasonally adjusted",2006Q2,71.2
All Denmark,One-family houses,"Priceindex, seasonally adjusted",2018Q3,81.8
All Denmark,"Owner-occupied flats, total","Priceindex, seasonally adjusted",2018Q3,84.9
All Denmark,One-family houses,"Priceindex, seasonally adjusted",2025Q3,107.7
All Denmark,"Owner-occupied flats, total","Priceindex, seasonally adjusted",2025Q3,112.9
All Denmark,One-family houses,"Priceindex, seasonally adjusted",2016Q2,74.4
All Denmark,"Owner-occupied flats, total","Priceindex, seasonally adjusted",2016Q2,74.3
All Denmark,One-family houses,"Priceindex, seasonally adjusted",2014Q4,69.3
All Denmark,"Owner-occupied flats, total","Priceindex, seasonally adjusted",2014Q4,64.9
All Denmark,One-family houses,"Priceindex, seasonally adjusted",2007Q3,81.2
All Denmark,"Owner-occupied flats, total","Priceindex, seasonally adjusted",2007Q3,66.2
All Denmark,One-family houses,"Priceindex, seasonally adjusted",2016Q4,76.3
All Denmark,"Owner-occupied flats, total","Priceindex, seasonally adjusted",2016Q4,77.2
All Denmark,One-family houses,"Priceindex, seasonally adjusted",2013Q2,66.1
All Denmark,"Owner-occupied flats, total","Priceindex, seasonally adjusted",2013Q2,58.5
All Denmark,One-family houses,"Priceindex, seasonally adjusted",2020Q2,85.5
All Denmark,"Owner-occupied flats, total","Priceindex, seasonally adjusted",2020Q2,87.2
All Denmark,One-family houses,"Priceindex, seasonally adjusted",2007Q2,81.1
All Denmark,"Owner-occupied flats, total","Priceindex, seasonally adjusted",2007Q2,67.2
All Denmark,One-family houses,"Priceindex, seasonally adjusted",2008Q4,72.3
All Denmark,"Owner-occupied flats, total","Priceindex, seasonally adjusted",2008Q4,57.0
All Denmark,One-family houses,"Priceindex, seasonally adjusted",2009Q1,68.3
All Denmark,"Owner-occupied flats, total","Priceindex, seasonally adjusted",2009Q1,52.0
All Denmark,One-family houses,"Priceindex, seasonally adjusted",2009Q2,67.2
All Denmark,"Owner-occupied flats, total","Priceindex, seasonally adjusted",2009Q2,52.3
All Denmark,One-family houses,"Priceindex, seasonally adjusted",2010Q1,69.0
All Denmark,"Owner-occupied flats, total","Priceindex, seasonally adjusted",2010Q1,54.6
All Denmark,One-family houses,"Priceindex, seasonally adjusted",2021Q1,95.0
All Denmark,"Owner-occupied flats, total","Priceindex, seasonally adjusted",2021Q1,96.3
All Denmark,One-family houses,"Priceindex, seasonally adjusted",2023Q3,98.3
All Denmark,"Owner-occupied flats, total","Priceindex, seasonally adjusted",2023Q3,98.6
All Denmark,One-family houses,"Priceindex, seasonally adjusted",2018Q4,82.4
All Denmark,"Owner-occupied flats, total","Priceindex, seasonally adjusted",2018Q4,84.7
All Denmark,One-family houses,"Priceindex, seasonally adjusted",2019Q3,84.5
All Denmark,"Owner-occupied flats, total","Priceindex, seasonally adjusted",2019Q3,85.2
All Denmark,One-family houses,"Priceindex, seasonally adjusted",2020Q4,91.7
All Denmark,"Owner-occupied flats, total","Priceindex, seasonally adjusted",2020Q4,92.7
All Denmark,One-family houses,"Priceindex, seasonally adjusted",2021Q3,99.4
All Denmark,"Owner-occupied flats, total","Priceindex, seasonally adjusted",2021Q3,100.1
All Denmark,One-family houses,"Priceindex, seasonally adjusted",2005Q2,61.1
All Denmark,"Owner-occupied flats, total","Priceindex, seasonally adjusted",2005Q2,53.7
All Denmark,One-family houses,"Priceindex, seasonally adjusted",2018Q1,80.8
All Denmark,"Owner-occupied flats, total","Priceindex, seasonally adjusted",2018Q1,84.0
All Denmark,One-family houses,"Priceindex, seasonally adjusted",2014Q2,68.2
All Denmark,"Owner-occupied flats, total","Priceindex, seasonally adjusted",2014Q2,62.9
All Denmark,One-family houses,"Priceindex, seasonally adjusted",2012Q1,65.1
All Denmark,"Owner-occupied flats, total","Priceindex, seasonally adjusted",2012Q1,54.2
All Denmark,One-family houses,"Priceindex, seasonally adjusted",2023Q1,95.7
All Denmark,"Owner-occupied flats, total","Priceindex, seasonally adjusted",2023Q1,95.1
All Denmark,One-family houses,"Priceindex, seasonally adjusted",2026Q1,112.3
All Denmark,"Owner-occupied flats, total","Priceindex, seasonally adjusted",2026Q1,124.2
All Denmark,One-family houses,"Priceindex, seasonally adjusted",2010Q4,70.3
All Denmark,"Owner-occupied flats, total","Priceindex, seasonally adjusted",2010Q4,56.9
All Denmark,One-family houses,"Priceindex, seasonally adjusted",2013Q3,66.4
All Denmark,"Owner-occupied flats, total","Priceindex, seasonally adjusted",2013Q3,59.5
All Denmark,One-family houses,"Priceindex, seasonally adjusted",2015Q2,72.2
All Denmark,"Owner-occupied flats, total","Priceindex, seasonally adjusted",2015Q2,69.1
All Denmark,One-family houses,"Priceindex, seasonally adjusted",2011Q4,65.5
All Denmark,"Owner-occupied flats, total","Priceindex, seasonally adjusted",2011Q4,54.1
All Denmark,One-family houses,"Priceindex, seasonally adjusted",2021Q4,100.5
All Denmark,"Owner-occupied flats, total","Priceindex, seasonally adjusted",2021Q4,100.7
All Denmark,One-family houses,"Priceindex, seasonally adjusted",2006Q4,80.9
All Denmark,"Owner-occupied flats, total","Priceindex, seasonally adjusted",2006Q4,71.4
All Denmark,One-family houses,"Priceindex, seasonally adjusted",2017Q1,76.7
All Denmark,"Owner-occupied flats, total","Priceindex, seasonally adjusted",2017Q1,78.2
All Denmark,One-family houses,"Priceindex, seasonally adjusted",2006Q3,79.7
All Denmark,"Owner-occupied flats, total","Priceindex, seasonally adjusted",2006Q3,72.2
All Denmark,One-family houses,"Priceindex, seasonally adjusted",2009Q4,68.5
All Denmark,"Owner-occupied flats, total","Priceindex, seasonally adjusted",2009Q4,53.8
All Denmark,One-family houses,"Priceindex, seasonally adjusted",2017Q3,78.9
All Denmark,"Owner-occupied flats, total","Priceindex, seasonally adjusted",2017Q3,81.3
All Denmark,One-family houses,"Priceindex, seasonally adjusted",2006Q1,74.1
All Denmark,"Owner-occupied flats, total","Priceindex, seasonally adjusted",2006Q1,66.9
All Denmark,One-family houses,"Priceindex, seasonally adjusted",2014Q1,67.4
All Denmark,"Owner-occupied flats, total","Priceindex, seasonally adjusted",2014Q1,61.7
All Denmark,One-family houses,"Priceindex, seasonally adjusted",2023Q2,96.5
All Denmark,"Owner-occupied flats, total","Priceindex, seasonally adjusted",2023Q2,96.7
All Denmark,One-family houses,"Priceindex, seasonally adjusted",2022Q4,96.1
All Denmark,"Owner-occupied flats, total","Priceindex, seasonally adjusted",2022Q4,96.1
All Denmark,One-family houses,"Priceindex, seasonally adjusted",2009Q3,67.7
All Denmark,"Owner-occupied flats, total","Priceindex, seasonally adjusted",2009Q3,52.7
All Denmark,One-family houses,"Priceindex, seasonally adjusted",2017Q2,78.0
All Denmark,"Owner-occupied flats, total","Priceindex, seasonally adjusted",2017Q2,79.3
All Denmark,One-family houses,"Priceindex, seasonally adjusted",2014Q3,68.5
All Denmark,"Owner-occupied flats, total","Priceindex, seasonally adjusted",2014Q3,63.9
All Denmark,One-family houses,"Priceindex, seasonally adjusted",2008Q2,79.5
All Denmark,"Owner-occupied flats, total","Priceindex, seasonally adjusted",2008Q2,61.8
All Denmark,One-family houses,"Priceindex, seasonally adjusted",2012Q4,65.5
All Denmark,"Owner-occupied flats, total","Priceindex, seasonally adjusted",2012Q4,56.5
All Denmark,One-family houses,"Priceindex, seasonally adjusted",2020Q3,88.3
All Denmark,"Owner-occupied flats, total","Priceindex, seasonally adjusted",2020Q3,89.6
All Denmark,One-family houses,"Priceindex, seasonally adjusted",2013Q1,66.1
All Denmark,"Owner-occupied flats, total","Priceindex, seasonally adjusted",2013Q1,57.4
All Denmark,One-family houses,"Priceindex, seasonally adjusted",2022Q3,99.7
All Denmark,"Owner-occupied flats, total","Priceindex, seasonally adjusted",2022Q3,98.9
All Denmark,One-family houses,"Priceindex, seasonally adjusted",2019Q2,83.8
All Denmark,"Owner-occupied flats, total","Priceindex, seasonally adjusted",2019Q2,85.4
All Denmark,One-family houses,"Priceindex, seasonally adjusted",2005Q4,69.6
All Denmark,"Owner-occupied flats, total","Priceindex, seasonally adjusted",2005Q4,62.6
All Denmark,One-family houses,"Priceindex, seasonally adjusted",2024Q4,103.1
All Denmark,"Owner-occupied flats, total","Priceindex, seasonally adjusted",2024Q4,104.7
All Denmark,One-family houses,"Priceindex, seasonally adjusted",2015Q1,71.0
All Denmark,"Owner-occupied flats, total","Priceindex, seasonally adjusted",2015Q1,66.9
All Denmark,One-family houses,"Priceindex, seasonally adjusted",2008Q3,77.0
All Denmark,"Owner-occupied flats, total","Priceindex, seasonally adjusted",2008Q3,59.5
All Denmark,One-family houses,"Priceindex, seasonally adjusted",2011Q2,68.6
All Denmark,"Owner-occupied flats, total","Priceindex, seasonally adjusted",2011Q2,56.2
All Denmark,One-family houses,"Priceindex, seasonally adjusted",2010Q2,69.3
All Denmark,"Owner-occupied flats, total","Priceindex, seasonally adjusted",2010Q2,55.5
All Denmark,One-family houses,"Priceindex, seasonally adjusted",2025Q2,105.6
All Denmark,"Owner-occupied flats, total","Priceindex, seasonally adjusted",2025Q2,110.0
All Denmark,One-family houses,"Priceindex, seasonally adjusted",2015Q4,73.7
All Denmark,"Owner-occupied flats, total","Priceindex, seasonally adjusted",2015Q4,71.9
All Denmark,One-family houses,"Priceindex, seasonally adjusted",2011Q1,69.2
All Denmark,"Owner-occupied flats, total","Priceindex, seasonally adjusted",2011Q1,56.8
All Denmark,One-family houses,"Priceindex, seasonally adjusted",2011Q3,67.0
All Denmark,"Owner-occupied flats, total","Priceindex, seasonally adjusted",2011Q3,54.3
All Denmark,One-family houses,"Priceindex, seasonally adjusted",2024Q2,100.7
All Denmark,"Owner-occupied flats, total","Priceindex, seasonally adjusted",2024Q2,99.7
All Denmark,One-family houses,"Priceindex, seasonally adjusted",2024Q3,100.6
All Denmark,"Owner-occupied flats, total","Priceindex, seasonally adjusted",2024Q3,101.9
All Denmark,One-family houses,"Priceindex, seasonally adjusted",2023Q4,99.1
All Denmark,"Owner-occupied flats, total","Priceindex, seasonally adjusted",2023Q4,99.5
All Denmark,One-family houses,"Priceindex, seasonally adjusted",2024Q1,99.1
All Denmark,"Owner-occupied flats, total","Priceindex, seasonally adjusted",2024Q1,98.8
All Denmark,One-family houses,"Priceindex, seasonally adjusted",2007Q1,81.7
All Denmark,"Owner-occupied flats, total","Priceindex, seasonally adjusted",2007Q1,69.0
All Denmark,One-family houses,"Priceindex, seasonally adjusted",2016Q3,76.0
All Denmark,"Owner-occupied flats, total","Priceindex, seasonally adjusted",2016Q3,75.6
All Denmark,One-family houses,"Priceindex, seasonally adjusted",2010Q3,69.6
All Denmark,"Owner-occupied flats, total","Priceindex, seasonally adjusted",2010Q3,56.2
All Denmark,One-family houses,"Priceindex, seasonally adjusted",2012Q2,64.5
All Denmark,"Owner-occupied flats, total","Priceindex, seasonally adjusted",2012Q2,53.9
All Denmark,One-family houses,"Priceindex, seasonally adjusted",2016Q1,74.4
All Denmark,"Owner-occupied flats, total","Priceindex, seasonally adjusted",2016Q1,73.8
All Denmark,One-family houses,"Priceindex, seasonally adjusted",2019Q1,82.9
All Denmark,"Owner-occupied flats, total","Priceindex, seasonally adjusted",2019Q1,84.7
All Denmark,One-family houses,"Priceindex, seasonally adjusted",2020Q1,85.0
All Denmark,"Owner-occupied flats, total","Priceindex, seasonally adjusted",2020Q1,86.6
All Denmark,One-family houses,"Priceindex, seasonally adjusted",2021Q2,97.5
All Denmark,"Owner-occupied flats, total","Priceindex, seasonally adjusted",2021Q2,97.9
All Denmark,One-family houses,"Priceindex, seasonally adjusted",2015Q3,72.9
All Denmark,"Owner-occupied flats, total","Priceindex, seasonally adjusted",2015Q3,70.8
All Denmark,One-family houses,"Priceindex, seasonally adjusted",2017Q4,79.6
All Denmark,"Owner-occupied flats, total","Priceindex, seasonally adjusted",2017Q4,82.7
All Denmark,One-family houses,"Priceindex, seasonally adjusted",2022Q1,102.3
All Denmark,"Owner-occupied flats, total","Priceindex, seasonally adjusted",2022Q1,102.3
All Denmark,One-family houses,"Priceindex, seasonally adjusted",2022Q2,101.9
All Denmark,"Owner-occupied flats, total","Priceindex, seasonally adjusted",2022Q2,102.7
All Denmark,One-family houses,"Priceindex, seasonally adjusted",2025Q4,110.4
All Denmark,"Owner-occupied flats, total","Priceindex, seasonally adjusted",2025Q4,118.2
