DATA,INDSEK,VALUTA,LØBETID1,RENTFIX,LAANSTR,TID,INDHOLD
Annualised agreed rate incl. administration rate (per cent) (not indexed), - 1430: Households - employees etc. ,- of which DKK,All maturities,All interest rate fixation periods,Alle sizes of loans,2003M01,..
Annualised agreed rate incl. administration rate (per cent) (not indexed), - 1430: Households - employees etc. ,- of which DKK,All maturities,All interest rate fixation periods,Alle sizes of loans,2003M02,..
Annualised agreed rate incl. administration rate (per cent) (not indexed), - 1430: Households - employees etc. ,- of which DKK,All maturities,All interest rate fixation periods,Alle sizes of loans,2003M03,..
Annualised agreed rate incl. administration rate (per cent) (not indexed), - 1430: Households - employees etc. ,- of which DKK,All maturities,All interest rate fixation periods,Alle sizes of loans,2003M04,..
Annualised agreed rate incl. administration rate (per cent) (not indexed), - 1430: Households - employees etc. ,- of which DKK,All maturities,All interest rate fixation periods,Alle sizes of loans,2003M05,..
Annualised agreed rate incl. administration rate (per cent) (not indexed), - 1430: Households - employees etc. ,- of which DKK,All maturities,All interest rate fixation periods,Alle sizes of loans,2003M06,..
Annualised agreed rate incl. administration rate (per cent) (not indexed), - 1430: Households - employees etc. ,- of which DKK,All maturities,All interest rate fixation periods,Alle sizes of loans,2003M07,..
Annualised agreed rate incl. administration rate (per cent) (not indexed), - 1430: Households - employees etc. ,- of which DKK,All maturities,All interest rate fixation periods,Alle sizes of loans,2003M08,..
Annualised agreed rate incl. administration rate (per cent) (not indexed), - 1430: Households - employees etc. ,- of which DKK,All maturities,All interest rate fixation periods,Alle sizes of loans,2003M09,..
Annualised agreed rate incl. administration rate (per cent) (not indexed), - 1430: Households - employees etc. ,- of which DKK,All maturities,All interest rate fixation periods,Alle sizes of loans,2003M10,..
Annualised agreed rate incl. administration rate (per cent) (not indexed), - 1430: Households - employees etc. ,- of which DKK,All maturities,All interest rate fixation periods,Alle sizes of loans,2003M11,..
Annualised agreed rate incl. administration rate (per cent) (not indexed), - 1430: Households - employees etc. ,- of which DKK,All maturities,All interest rate fixation periods,Alle sizes of loans,2003M12,..
Annualised agreed rate incl. administration rate (per cent) (not indexed), - 1430: Households - employees etc. ,- of which DKK,All maturities,All interest rate fixation periods,Alle sizes of loans,2004M01,..
Annualised agreed rate incl. administration rate (per cent) (not indexed), - 1430: Households - employees etc. ,- of which DKK,All maturities,All interest rate fixation periods,Alle sizes of loans,2004M02,..
Annualised agreed rate incl. administration rate (per cent) (not indexed), - 1430: Households - employees etc. ,- of which DKK,All maturities,All interest rate fixation periods,Alle sizes of loans,2004M03,..
Annualised agreed rate incl. administration rate (per cent) (not indexed), - 1430: Households - employees etc. ,- of which DKK,All maturities,All interest rate fixation periods,Alle sizes of loans,2004M04,..
Annualised agreed rate incl. administration rate (per cent) (not indexed), - 1430: Households - employees etc. ,- of which DKK,All maturities,All interest rate fixation periods,Alle sizes of loans,2004M05,..
Annualised agreed rate incl. administration rate (per cent) (not indexed), - 1430: Households - employees etc. ,- of which DKK,All maturities,All interest rate fixation periods,Alle sizes of loans,2004M06,..
Annualised agreed rate incl. administration rate (per cent) (not indexed), - 1430: Households - employees etc. ,- of which DKK,All maturities,All interest rate fixation periods,Alle sizes of loans,2004M07,..
Annualised agreed rate incl. administration rate (per cent) (not indexed), - 1430: Households - employees etc. ,- of which DKK,All maturities,All interest rate fixation periods,Alle sizes of loans,2004M08,..
Annualised agreed rate incl. administration rate (per cent) (not indexed), - 1430: Households - employees etc. ,- of which DKK,All maturities,All interest rate fixation periods,Alle sizes of loans,2004M09,..
Annualised agreed rate incl. administration rate (per cent) (not indexed), - 1430: Households - employees etc. ,- of which DKK,All maturities,All interest rate fixation periods,Alle sizes of loans,2004M10,..
Annualised agreed rate incl. administration rate (per cent) (not indexed), - 1430: Households - employees etc. ,- of which DKK,All maturities,All interest rate fixation periods,Alle sizes of loans,2004M11,..
Annualised agreed rate incl. administration rate (per cent) (not indexed), - 1430: Households - employees etc. ,- of which DKK,All maturities,All interest rate fixation periods,Alle sizes of loans,2004M12,..
Annualised agreed rate incl. administration rate (per cent) (not indexed), - 1430: Households - employees etc. ,- of which DKK,All maturities,All interest rate fixation periods,Alle sizes of loans,2005M01,..
Annualised agreed rate incl. administration rate (per cent) (not indexed), - 1430: Households - employees etc. ,- of which DKK,All maturities,All interest rate fixation periods,Alle sizes of loans,2005M02,..
Annualised agreed rate incl. administration rate (per cent) (not indexed), - 1430: Households - employees etc. ,- of which DKK,All maturities,All interest rate fixation periods,Alle sizes of loans,2005M03,..
Annualised agreed rate incl. administration rate (per cent) (not indexed), - 1430: Households - employees etc. ,- of which DKK,All maturities,All interest rate fixation periods,Alle sizes of loans,2005M04,..
Annualised agreed rate incl. administration rate (per cent) (not indexed), - 1430: Households - employees etc. ,- of which DKK,All maturities,All interest rate fixation periods,Alle sizes of loans,2005M05,..
Annualised agreed rate incl. administration rate (per cent) (not indexed), - 1430: Households - employees etc. ,- of which DKK,All maturities,All interest rate fixation periods,Alle sizes of loans,2005M06,..
Annualised agreed rate incl. administration rate (per cent) (not indexed), - 1430: Households - employees etc. ,- of which DKK,All maturities,All interest rate fixation periods,Alle sizes of loans,2005M07,..
Annualised agreed rate incl. administration rate (per cent) (not indexed), - 1430: Households - employees etc. ,- of which DKK,All maturities,All interest rate fixation periods,Alle sizes of loans,2005M08,..
Annualised agreed rate incl. administration rate (per cent) (not indexed), - 1430: Households - employees etc. ,- of which DKK,All maturities,All interest rate fixation periods,Alle sizes of loans,2005M09,..
Annualised agreed rate incl. administration rate (per cent) (not indexed), - 1430: Households - employees etc. ,- of which DKK,All maturities,All interest rate fixation periods,Alle sizes of loans,2005M10,..
Annualised agreed rate incl. administration rate (per cent) (not indexed), - 1430: Households - employees etc. ,- of which DKK,All maturities,All interest rate fixation periods,Alle sizes of loans,2005M11,..
Annualised agreed rate incl. administration rate (per cent) (not indexed), - 1430: Households - employees etc. ,- of which DKK,All maturities,All interest rate fixation periods,Alle sizes of loans,2005M12,..
Annualised agreed rate incl. administration rate (per cent) (not indexed), - 1430: Households - employees etc. ,- of which DKK,All maturities,All interest rate fixation periods,Alle sizes of loans,2006M01,..
Annualised agreed rate incl. administration rate (per cent) (not indexed), - 1430: Households - employees etc. ,- of which DKK,All maturities,All interest rate fixation periods,Alle sizes of loans,2006M02,..
Annualised agreed rate incl. administration rate (per cent) (not indexed), - 1430: Households - employees etc. ,- of which DKK,All maturities,All interest rate fixation periods,Alle sizes of loans,2006M03,..
Annualised agreed rate incl. administration rate (per cent) (not indexed), - 1430: Households - employees etc. ,- of which DKK,All maturities,All interest rate fixation periods,Alle sizes of loans,2006M04,..
Annualised agreed rate incl. administration rate (per cent) (not indexed), - 1430: Households - employees etc. ,- of which DKK,All maturities,All interest rate fixation periods,Alle sizes of loans,2006M05,..
Annualised agreed rate incl. administration rate (per cent) (not indexed), - 1430: Households - employees etc. ,- of which DKK,All maturities,All interest rate fixation periods,Alle sizes of loans,2006M06,..
Annualised agreed rate incl. administration rate (per cent) (not indexed), - 1430: Households - employees etc. ,- of which DKK,All maturities,All interest rate fixation periods,Alle sizes of loans,2006M07,..
Annualised agreed rate incl. administration rate (per cent) (not indexed), - 1430: Households - employees etc. ,- of which DKK,All maturities,All interest rate fixation periods,Alle sizes of loans,2006M08,..
Annualised agreed rate incl. administration rate (per cent) (not indexed), - 1430: Households - employees etc. ,- of which DKK,All maturities,All interest rate fixation periods,Alle sizes of loans,2006M09,..
Annualised agreed rate incl. administration rate (per cent) (not indexed), - 1430: Households - employees etc. ,- of which DKK,All maturities,All interest rate fixation periods,Alle sizes of loans,2006M10,..
Annualised agreed rate incl. administration rate (per cent) (not indexed), - 1430: Households - employees etc. ,- of which DKK,All maturities,All interest rate fixation periods,Alle sizes of loans,2006M11,..
Annualised agreed rate incl. administration rate (per cent) (not indexed), - 1430: Households - employees etc. ,- of which DKK,All maturities,All interest rate fixation periods,Alle sizes of loans,2006M12,..
Annualised agreed rate incl. administration rate (per cent) (not indexed), - 1430: Households - employees etc. ,- of which DKK,All maturities,All interest rate fixation periods,Alle sizes of loans,2007M01,..
Annualised agreed rate incl. administration rate (per cent) (not indexed), - 1430: Households - employees etc. ,- of which DKK,All maturities,All interest rate fixation periods,Alle sizes of loans,2007M02,..
Annualised agreed rate incl. administration rate (per cent) (not indexed), - 1430: Households - employees etc. ,- of which DKK,All maturities,All interest rate fixation periods,Alle sizes of loans,2007M03,..
Annualised agreed rate incl. administration rate (per cent) (not indexed), - 1430: Households - employees etc. ,- of which DKK,All maturities,All interest rate fixation periods,Alle sizes of loans,2007M04,..
Annualised agreed rate incl. administration rate (per cent) (not indexed), - 1430: Households - employees etc. ,- of which DKK,All maturities,All interest rate fixation periods,Alle sizes of loans,2007M05,..
Annualised agreed rate incl. administration rate (per cent) (not indexed), - 1430: Households - employees etc. ,- of which DKK,All maturities,All interest rate fixation periods,Alle sizes of loans,2007M06,..
Annualised agreed rate incl. administration rate (per cent) (not indexed), - 1430: Households - employees etc. ,- of which DKK,All maturities,All interest rate fixation periods,Alle sizes of loans,2007M07,..
Annualised agreed rate incl. administration rate (per cent) (not indexed), - 1430: Households - employees etc. ,- of which DKK,All maturities,All interest rate fixation periods,Alle sizes of loans,2007M08,..
Annualised agreed rate incl. administration rate (per cent) (not indexed), - 1430: Households - employees etc. ,- of which DKK,All maturities,All interest rate fixation periods,Alle sizes of loans,2007M09,..
Annualised agreed rate incl. administration rate (per cent) (not indexed), - 1430: Households - employees etc. ,- of which DKK,All maturities,All interest rate fixation periods,Alle sizes of loans,2007M10,..
Annualised agreed rate incl. administration rate (per cent) (not indexed), - 1430: Households - employees etc. ,- of which DKK,All maturities,All interest rate fixation periods,Alle sizes of loans,2007M11,..
Annualised agreed rate incl. administration rate (per cent) (not indexed), - 1430: Households - employees etc. ,- of which DKK,All maturities,All interest rate fixation periods,Alle sizes of loans,2007M12,..
Annualised agreed rate incl. administration rate (per cent) (not indexed), - 1430: Households - employees etc. ,- of which DKK,All maturities,All interest rate fixation periods,Alle sizes of loans,2008M01,..
Annualised agreed rate incl. administration rate (per cent) (not indexed), - 1430: Households - employees etc. ,- of which DKK,All maturities,All interest rate fixation periods,Alle sizes of loans,2008M02,..
Annualised agreed rate incl. administration rate (per cent) (not indexed), - 1430: Households - employees etc. ,- of which DKK,All maturities,All interest rate fixation periods,Alle sizes of loans,2008M03,..
Annualised agreed rate incl. administration rate (per cent) (not indexed), - 1430: Households - employees etc. ,- of which DKK,All maturities,All interest rate fixation periods,Alle sizes of loans,2008M04,..
Annualised agreed rate incl. administration rate (per cent) (not indexed), - 1430: Households - employees etc. ,- of which DKK,All maturities,All interest rate fixation periods,Alle sizes of loans,2008M05,..
Annualised agreed rate incl. administration rate (per cent) (not indexed), - 1430: Households - employees etc. ,- of which DKK,All maturities,All interest rate fixation periods,Alle sizes of loans,2008M06,..
Annualised agreed rate incl. administration rate (per cent) (not indexed), - 1430: Households - employees etc. ,- of which DKK,All maturities,All interest rate fixation periods,Alle sizes of loans,2008M07,..
Annualised agreed rate incl. administration rate (per cent) (not indexed), - 1430: Households - employees etc. ,- of which DKK,All maturities,All interest rate fixation periods,Alle sizes of loans,2008M08,..
Annualised agreed rate incl. administration rate (per cent) (not indexed), - 1430: Households - employees etc. ,- of which DKK,All maturities,All interest rate fixation periods,Alle sizes of loans,2008M09,..
Annualised agreed rate incl. administration rate (per cent) (not indexed), - 1430: Households - employees etc. ,- of which DKK,All maturities,All interest rate fixation periods,Alle sizes of loans,2008M10,..
Annualised agreed rate incl. administration rate (per cent) (not indexed), - 1430: Households - employees etc. ,- of which DKK,All maturities,All interest rate fixation periods,Alle sizes of loans,2008M11,..
Annualised agreed rate incl. administration rate (per cent) (not indexed), - 1430: Households - employees etc. ,- of which DKK,All maturities,All interest rate fixation periods,Alle sizes of loans,2008M12,..
Annualised agreed rate incl. administration rate (per cent) (not indexed), - 1430: Households - employees etc. ,- of which DKK,All maturities,All interest rate fixation periods,Alle sizes of loans,2009M01,..
Annualised agreed rate incl. administration rate (per cent) (not indexed), - 1430: Households - employees etc. ,- of which DKK,All maturities,All interest rate fixation periods,Alle sizes of loans,2009M02,..
Annualised agreed rate incl. administration rate (per cent) (not indexed), - 1430: Households - employees etc. ,- of which DKK,All maturities,All interest rate fixation periods,Alle sizes of loans,2009M03,..
Annualised agreed rate incl. administration rate (per cent) (not indexed), - 1430: Households - employees etc. ,- of which DKK,All maturities,All interest rate fixation periods,Alle sizes of loans,2009M04,..
Annualised agreed rate incl. administration rate (per cent) (not indexed), - 1430: Households - employees etc. ,- of which DKK,All maturities,All interest rate fixation periods,Alle sizes of loans,2009M05,..
Annualised agreed rate incl. administration rate (per cent) (not indexed), - 1430: Households - employees etc. ,- of which DKK,All maturities,All interest rate fixation periods,Alle sizes of loans,2009M06,..
Annualised agreed rate incl. administration rate (per cent) (not indexed), - 1430: Households - employees etc. ,- of which DKK,All maturities,All interest rate fixation periods,Alle sizes of loans,2009M07,..
Annualised agreed rate incl. administration rate (per cent) (not indexed), - 1430: Households - employees etc. ,- of which DKK,All maturities,All interest rate fixation periods,Alle sizes of loans,2009M08,..
Annualised agreed rate incl. administration rate (per cent) (not indexed), - 1430: Households - employees etc. ,- of which DKK,All maturities,All interest rate fixation periods,Alle sizes of loans,2009M09,..
Annualised agreed rate incl. administration rate (per cent) (not indexed), - 1430: Households - employees etc. ,- of which DKK,All maturities,All interest rate fixation periods,Alle sizes of loans,2009M10,..
Annualised agreed rate incl. administration rate (per cent) (not indexed), - 1430: Households - employees etc. ,- of which DKK,All maturities,All interest rate fixation periods,Alle sizes of loans,2009M11,..
Annualised agreed rate incl. administration rate (per cent) (not indexed), - 1430: Households - employees etc. ,- of which DKK,All maturities,All interest rate fixation periods,Alle sizes of loans,2009M12,..
Annualised agreed rate incl. administration rate (per cent) (not indexed), - 1430: Households - employees etc. ,- of which DKK,All maturities,All interest rate fixation periods,Alle sizes of loans,2010M01,..
Annualised agreed rate incl. administration rate (per cent) (not indexed), - 1430: Households - employees etc. ,- of which DKK,All maturities,All interest rate fixation periods,Alle sizes of loans,2010M02,..
Annualised agreed rate incl. administration rate (per cent) (not indexed), - 1430: Households - employees etc. ,- of which DKK,All maturities,All interest rate fixation periods,Alle sizes of loans,2010M03,..
Annualised agreed rate incl. administration rate (per cent) (not indexed), - 1430: Households - employees etc. ,- of which DKK,All maturities,All interest rate fixation periods,Alle sizes of loans,2010M04,..
Annualised agreed rate incl. administration rate (per cent) (not indexed), - 1430: Households - employees etc. ,- of which DKK,All maturities,All interest rate fixation periods,Alle sizes of loans,2010M05,..
Annualised agreed rate incl. administration rate (per cent) (not indexed), - 1430: Households - employees etc. ,- of which DKK,All maturities,All interest rate fixation periods,Alle sizes of loans,2010M06,..
Annualised agreed rate incl. administration rate (per cent) (not indexed), - 1430: Households - employees etc. ,- of which DKK,All maturities,All interest rate fixation periods,Alle sizes of loans,2010M07,..
Annualised agreed rate incl. administration rate (per cent) (not indexed), - 1430: Households - employees etc. ,- of which DKK,All maturities,All interest rate fixation periods,Alle sizes of loans,2010M08,..
Annualised agreed rate incl. administration rate (per cent) (not indexed), - 1430: Households - employees etc. ,- of which DKK,All maturities,All interest rate fixation periods,Alle sizes of loans,2010M09,..
Annualised agreed rate incl. administration rate (per cent) (not indexed), - 1430: Households - employees etc. ,- of which DKK,All maturities,All interest rate fixation periods,Alle sizes of loans,2010M10,..
Annualised agreed rate incl. administration rate (per cent) (not indexed), - 1430: Households - employees etc. ,- of which DKK,All maturities,All interest rate fixation periods,Alle sizes of loans,2010M11,..
Annualised agreed rate incl. administration rate (per cent) (not indexed), - 1430: Households - employees etc. ,- of which DKK,All maturities,All interest rate fixation periods,Alle sizes of loans,2010M12,..
Annualised agreed rate incl. administration rate (per cent) (not indexed), - 1430: Households - employees etc. ,- of which DKK,All maturities,All interest rate fixation periods,Alle sizes of loans,2011M01,..
Annualised agreed rate incl. administration rate (per cent) (not indexed), - 1430: Households - employees etc. ,- of which DKK,All maturities,All interest rate fixation periods,Alle sizes of loans,2011M02,..
Annualised agreed rate incl. administration rate (per cent) (not indexed), - 1430: Households - employees etc. ,- of which DKK,All maturities,All interest rate fixation periods,Alle sizes of loans,2011M03,..
Annualised agreed rate incl. administration rate (per cent) (not indexed), - 1430: Households - employees etc. ,- of which DKK,All maturities,All interest rate fixation periods,Alle sizes of loans,2011M04,..
Annualised agreed rate incl. administration rate (per cent) (not indexed), - 1430: Households - employees etc. ,- of which DKK,All maturities,All interest rate fixation periods,Alle sizes of loans,2011M05,..
Annualised agreed rate incl. administration rate (per cent) (not indexed), - 1430: Households - employees etc. ,- of which DKK,All maturities,All interest rate fixation periods,Alle sizes of loans,2011M06,..
Annualised agreed rate incl. administration rate (per cent) (not indexed), - 1430: Households - employees etc. ,- of which DKK,All maturities,All interest rate fixation periods,Alle sizes of loans,2011M07,..
Annualised agreed rate incl. administration rate (per cent) (not indexed), - 1430: Households - employees etc. ,- of which DKK,All maturities,All interest rate fixation periods,Alle sizes of loans,2011M08,..
Annualised agreed rate incl. administration rate (per cent) (not indexed), - 1430: Households - employees etc. ,- of which DKK,All maturities,All interest rate fixation periods,Alle sizes of loans,2011M09,..
Annualised agreed rate incl. administration rate (per cent) (not indexed), - 1430: Households - employees etc. ,- of which DKK,All maturities,All interest rate fixation periods,Alle sizes of loans,2011M10,..
Annualised agreed rate incl. administration rate (per cent) (not indexed), - 1430: Households - employees etc. ,- of which DKK,All maturities,All interest rate fixation periods,Alle sizes of loans,2011M11,..
Annualised agreed rate incl. administration rate (per cent) (not indexed), - 1430: Households - employees etc. ,- of which DKK,All maturities,All interest rate fixation periods,Alle sizes of loans,2011M12,..
Annualised agreed rate incl. administration rate (per cent) (not indexed), - 1430: Households - employees etc. ,- of which DKK,All maturities,All interest rate fixation periods,Alle sizes of loans,2012M01,..
Annualised agreed rate incl. administration rate (per cent) (not indexed), - 1430: Households - employees etc. ,- of which DKK,All maturities,All interest rate fixation periods,Alle sizes of loans,2012M02,..
Annualised agreed rate incl. administration rate (per cent) (not indexed), - 1430: Households - employees etc. ,- of which DKK,All maturities,All interest rate fixation periods,Alle sizes of loans,2012M03,..
Annualised agreed rate incl. administration rate (per cent) (not indexed), - 1430: Households - employees etc. ,- of which DKK,All maturities,All interest rate fixation periods,Alle sizes of loans,2012M04,..
Annualised agreed rate incl. administration rate (per cent) (not indexed), - 1430: Households - employees etc. ,- of which DKK,All maturities,All interest rate fixation periods,Alle sizes of loans,2012M05,..
Annualised agreed rate incl. administration rate (per cent) (not indexed), - 1430: Households - employees etc. ,- of which DKK,All maturities,All interest rate fixation periods,Alle sizes of loans,2012M06,..
Annualised agreed rate incl. administration rate (per cent) (not indexed), - 1430: Households - employees etc. ,- of which DKK,All maturities,All interest rate fixation periods,Alle sizes of loans,2012M07,..
Annualised agreed rate incl. administration rate (per cent) (not indexed), - 1430: Households - employees etc. ,- of which DKK,All maturities,All interest rate fixation periods,Alle sizes of loans,2012M08,..
Annualised agreed rate incl. administration rate (per cent) (not indexed), - 1430: Households - employees etc. ,- of which DKK,All maturities,All interest rate fixation periods,Alle sizes of loans,2012M09,..
Annualised agreed rate incl. administration rate (per cent) (not indexed), - 1430: Households - employees etc. ,- of which DKK,All maturities,All interest rate fixation periods,Alle sizes of loans,2012M10,..
Annualised agreed rate incl. administration rate (per cent) (not indexed), - 1430: Households - employees etc. ,- of which DKK,All maturities,All interest rate fixation periods,Alle sizes of loans,2012M11,..
Annualised agreed rate incl. administration rate (per cent) (not indexed), - 1430: Households - employees etc. ,- of which DKK,All maturities,All interest rate fixation periods,Alle sizes of loans,2012M12,..
Annualised agreed rate incl. administration rate (per cent) (not indexed), - 1430: Households - employees etc. ,- of which DKK,All maturities,All interest rate fixation periods,Alle sizes of loans,2013M01,..
Annualised agreed rate incl. administration rate (per cent) (not indexed), - 1430: Households - employees etc. ,- of which DKK,All maturities,All interest rate fixation periods,Alle sizes of loans,2013M02,..
Annualised agreed rate incl. administration rate (per cent) (not indexed), - 1430: Households - employees etc. ,- of which DKK,All maturities,All interest rate fixation periods,Alle sizes of loans,2013M03,..
Annualised agreed rate incl. administration rate (per cent) (not indexed), - 1430: Households - employees etc. ,- of which DKK,All maturities,All interest rate fixation periods,Alle sizes of loans,2013M04,..
Annualised agreed rate incl. administration rate (per cent) (not indexed), - 1430: Households - employees etc. ,- of which DKK,All maturities,All interest rate fixation periods,Alle sizes of loans,2013M05,..
Annualised agreed rate incl. administration rate (per cent) (not indexed), - 1430: Households - employees etc. ,- of which DKK,All maturities,All interest rate fixation periods,Alle sizes of loans,2013M06,..
Annualised agreed rate incl. administration rate (per cent) (not indexed), - 1430: Households - employees etc. ,- of which DKK,All maturities,All interest rate fixation periods,Alle sizes of loans,2013M07,..
Annualised agreed rate incl. administration rate (per cent) (not indexed), - 1430: Households - employees etc. ,- of which DKK,All maturities,All interest rate fixation periods,Alle sizes of loans,2013M08,..
Annualised agreed rate incl. administration rate (per cent) (not indexed), - 1430: Households - employees etc. ,- of which DKK,All maturities,All interest rate fixation periods,Alle sizes of loans,2013M09,..
Annualised agreed rate incl. administration rate (per cent) (not indexed), - 1430: Households - employees etc. ,- of which DKK,All maturities,All interest rate fixation periods,Alle sizes of loans,2013M10,2.899
Annualised agreed rate incl. administration rate (per cent) (not indexed), - 1430: Households - employees etc. ,- of which DKK,All maturities,All interest rate fixation periods,Alle sizes of loans,2013M11,2.647
Annualised agreed rate incl. administration rate (per cent) (not indexed), - 1430: Households - employees etc. ,- of which DKK,All maturities,All interest rate fixation periods,Alle sizes of loans,2013M12,2.290
Annualised agreed rate incl. administration rate (per cent) (not indexed), - 1430: Households - employees etc. ,- of which DKK,All maturities,All interest rate fixation periods,Alle sizes of loans,2014M01,2.208
Annualised agreed rate incl. administration rate (per cent) (not indexed), - 1430: Households - employees etc. ,- of which DKK,All maturities,All interest rate fixation periods,Alle sizes of loans,2014M02,2.516
Annualised agreed rate incl. administration rate (per cent) (not indexed), - 1430: Households - employees etc. ,- of which DKK,All maturities,All interest rate fixation periods,Alle sizes of loans,2014M03,2.390
Annualised agreed rate incl. administration rate (per cent) (not indexed), - 1430: Households - employees etc. ,- of which DKK,All maturities,All interest rate fixation periods,Alle sizes of loans,2014M04,2.528
Annualised agreed rate incl. administration rate (per cent) (not indexed), - 1430: Households - employees etc. ,- of which DKK,All maturities,All interest rate fixation periods,Alle sizes of loans,2014M05,2.621
Annualised agreed rate incl. administration rate (per cent) (not indexed), - 1430: Households - employees etc. ,- of which DKK,All maturities,All interest rate fixation periods,Alle sizes of loans,2014M06,2.817
Annualised agreed rate incl. administration rate (per cent) (not indexed), - 1430: Households - employees etc. ,- of which DKK,All maturities,All interest rate fixation periods,Alle sizes of loans,2014M07,2.949
Annualised agreed rate incl. administration rate (per cent) (not indexed), - 1430: Households - employees etc. ,- of which DKK,All maturities,All interest rate fixation periods,Alle sizes of loans,2014M08,2.951
Annualised agreed rate incl. administration rate (per cent) (not indexed), - 1430: Households - employees etc. ,- of which DKK,All maturities,All interest rate fixation periods,Alle sizes of loans,2014M09,2.615
Annualised agreed rate incl. administration rate (per cent) (not indexed), - 1430: Households - employees etc. ,- of which DKK,All maturities,All interest rate fixation periods,Alle sizes of loans,2014M10,2.659
Annualised agreed rate incl. administration rate (per cent) (not indexed), - 1430: Households - employees etc. ,- of which DKK,All maturities,All interest rate fixation periods,Alle sizes of loans,2014M11,2.753
Annualised agreed rate incl. administration rate (per cent) (not indexed), - 1430: Households - employees etc. ,- of which DKK,All maturities,All interest rate fixation periods,Alle sizes of loans,2014M12,2.480
Annualised agreed rate incl. administration rate (per cent) (not indexed), - 1430: Households - employees etc. ,- of which DKK,All maturities,All interest rate fixation periods,Alle sizes of loans,2015M01,2.347
Annualised agreed rate incl. administration rate (per cent) (not indexed), - 1430: Households - employees etc. ,- of which DKK,All maturities,All interest rate fixation periods,Alle sizes of loans,2015M02,2.599
Annualised agreed rate incl. administration rate (per cent) (not indexed), - 1430: Households - employees etc. ,- of which DKK,All maturities,All interest rate fixation periods,Alle sizes of loans,2015M03,2.539
Annualised agreed rate incl. administration rate (per cent) (not indexed), - 1430: Households - employees etc. ,- of which DKK,All maturities,All interest rate fixation periods,Alle sizes of loans,2015M04,2.367
Annualised agreed rate incl. administration rate (per cent) (not indexed), - 1430: Households - employees etc. ,- of which DKK,All maturities,All interest rate fixation periods,Alle sizes of loans,2015M05,2.842
Annualised agreed rate incl. administration rate (per cent) (not indexed), - 1430: Households - employees etc. ,- of which DKK,All maturities,All interest rate fixation periods,Alle sizes of loans,2015M06,2.864
Annualised agreed rate incl. administration rate (per cent) (not indexed), - 1430: Households - employees etc. ,- of which DKK,All maturities,All interest rate fixation periods,Alle sizes of loans,2015M07,2.794
Annualised agreed rate incl. administration rate (per cent) (not indexed), - 1430: Households - employees etc. ,- of which DKK,All maturities,All interest rate fixation periods,Alle sizes of loans,2015M08,2.718
Annualised agreed rate incl. administration rate (per cent) (not indexed), - 1430: Households - employees etc. ,- of which DKK,All maturities,All interest rate fixation periods,Alle sizes of loans,2015M09,2.262
Annualised agreed rate incl. administration rate (per cent) (not indexed), - 1430: Households - employees etc. ,- of which DKK,All maturities,All interest rate fixation periods,Alle sizes of loans,2015M10,2.337
Annualised agreed rate incl. administration rate (per cent) (not indexed), - 1430: Households - employees etc. ,- of which DKK,All maturities,All interest rate fixation periods,Alle sizes of loans,2015M11,2.339
Annualised agreed rate incl. administration rate (per cent) (not indexed), - 1430: Households - employees etc. ,- of which DKK,All maturities,All interest rate fixation periods,Alle sizes of loans,2015M12,1.825
Annualised agreed rate incl. administration rate (per cent) (not indexed), - 1430: Households - employees etc. ,- of which DKK,All maturities,All interest rate fixation periods,Alle sizes of loans,2016M01,1.932
Annualised agreed rate incl. administration rate (per cent) (not indexed), - 1430: Households - employees etc. ,- of which DKK,All maturities,All interest rate fixation periods,Alle sizes of loans,2016M02,2.208
Annualised agreed rate incl. administration rate (per cent) (not indexed), - 1430: Households - employees etc. ,- of which DKK,All maturities,All interest rate fixation periods,Alle sizes of loans,2016M03,1.950
Annualised agreed rate incl. administration rate (per cent) (not indexed), - 1430: Households - employees etc. ,- of which DKK,All maturities,All interest rate fixation periods,Alle sizes of loans,2016M04,2.053
Annualised agreed rate incl. administration rate (per cent) (not indexed), - 1430: Households - employees etc. ,- of which DKK,All maturities,All interest rate fixation periods,Alle sizes of loans,2016M05,2.221
Annualised agreed rate incl. administration rate (per cent) (not indexed), - 1430: Households - employees etc. ,- of which DKK,All maturities,All interest rate fixation periods,Alle sizes of loans,2016M06,2.027
Annualised agreed rate incl. administration rate (per cent) (not indexed), - 1430: Households - employees etc. ,- of which DKK,All maturities,All interest rate fixation periods,Alle sizes of loans,2016M07,2.274
Annualised agreed rate incl. administration rate (per cent) (not indexed), - 1430: Households - employees etc. ,- of which DKK,All maturities,All interest rate fixation periods,Alle sizes of loans,2016M08,2.343
Annualised agreed rate incl. administration rate (per cent) (not indexed), - 1430: Households - employees etc. ,- of which DKK,All maturities,All interest rate fixation periods,Alle sizes of loans,2016M09,2.075
Annualised agreed rate incl. administration rate (per cent) (not indexed), - 1430: Households - employees etc. ,- of which DKK,All maturities,All interest rate fixation periods,Alle sizes of loans,2016M10,2.219
Annualised agreed rate incl. administration rate (per cent) (not indexed), - 1430: Households - employees etc. ,- of which DKK,All maturities,All interest rate fixation periods,Alle sizes of loans,2016M11,2.327
Annualised agreed rate incl. administration rate (per cent) (not indexed), - 1430: Households - employees etc. ,- of which DKK,All maturities,All interest rate fixation periods,Alle sizes of loans,2016M12,2.025
Annualised agreed rate incl. administration rate (per cent) (not indexed), - 1430: Households - employees etc. ,- of which DKK,All maturities,All interest rate fixation periods,Alle sizes of loans,2017M01,2.083
Annualised agreed rate incl. administration rate (per cent) (not indexed), - 1430: Households - employees etc. ,- of which DKK,All maturities,All interest rate fixation periods,Alle sizes of loans,2017M02,2.202
Annualised agreed rate incl. administration rate (per cent) (not indexed), - 1430: Households - employees etc. ,- of which DKK,All maturities,All interest rate fixation periods,Alle sizes of loans,2017M03,1.968
Annualised agreed rate incl. administration rate (per cent) (not indexed), - 1430: Households - employees etc. ,- of which DKK,All maturities,All interest rate fixation periods,Alle sizes of loans,2017M04,1.946
Annualised agreed rate incl. administration rate (per cent) (not indexed), - 1430: Households - employees etc. ,- of which DKK,All maturities,All interest rate fixation periods,Alle sizes of loans,2017M05,2.176
Annualised agreed rate incl. administration rate (per cent) (not indexed), - 1430: Households - employees etc. ,- of which DKK,All maturities,All interest rate fixation periods,Alle sizes of loans,2017M06,2.040
Annualised agreed rate incl. administration rate (per cent) (not indexed), - 1430: Households - employees etc. ,- of which DKK,All maturities,All interest rate fixation periods,Alle sizes of loans,2017M07,2.172
Annualised agreed rate incl. administration rate (per cent) (not indexed), - 1430: Households - employees etc. ,- of which DKK,All maturities,All interest rate fixation periods,Alle sizes of loans,2017M08,2.266
Annualised agreed rate incl. administration rate (per cent) (not indexed), - 1430: Households - employees etc. ,- of which DKK,All maturities,All interest rate fixation periods,Alle sizes of loans,2017M09,1.722
Annualised agreed rate incl. administration rate (per cent) (not indexed), - 1430: Households - employees etc. ,- of which DKK,All maturities,All interest rate fixation periods,Alle sizes of loans,2017M10,1.827
Annualised agreed rate incl. administration rate (per cent) (not indexed), - 1430: Households - employees etc. ,- of which DKK,All maturities,All interest rate fixation periods,Alle sizes of loans,2017M11,1.988
Annualised agreed rate incl. administration rate (per cent) (not indexed), - 1430: Households - employees etc. ,- of which DKK,All maturities,All interest rate fixation periods,Alle sizes of loans,2017M12,1.710
Annualised agreed rate incl. administration rate (per cent) (not indexed), - 1430: Households - employees etc. ,- of which DKK,All maturities,All interest rate fixation periods,Alle sizes of loans,2018M01,1.937
Annualised agreed rate incl. administration rate (per cent) (not indexed), - 1430: Households - employees etc. ,- of which DKK,All maturities,All interest rate fixation periods,Alle sizes of loans,2018M02,2.222
Annualised agreed rate incl. administration rate (per cent) (not indexed), - 1430: Households - employees etc. ,- of which DKK,All maturities,All interest rate fixation periods,Alle sizes of loans,2018M03,1.958
Annualised agreed rate incl. administration rate (per cent) (not indexed), - 1430: Households - employees etc. ,- of which DKK,All maturities,All interest rate fixation periods,Alle sizes of loans,2018M04,2.112
Annualised agreed rate incl. administration rate (per cent) (not indexed), - 1430: Households - employees etc. ,- of which DKK,All maturities,All interest rate fixation periods,Alle sizes of loans,2018M05,2.194
Annualised agreed rate incl. administration rate (per cent) (not indexed), - 1430: Households - employees etc. ,- of which DKK,All maturities,All interest rate fixation periods,Alle sizes of loans,2018M06,2.070
Annualised agreed rate incl. administration rate (per cent) (not indexed), - 1430: Households - employees etc. ,- of which DKK,All maturities,All interest rate fixation periods,Alle sizes of loans,2018M07,2.181
Annualised agreed rate incl. administration rate (per cent) (not indexed), - 1430: Households - employees etc. ,- of which DKK,All maturities,All interest rate fixation periods,Alle sizes of loans,2018M08,2.185
Annualised agreed rate incl. administration rate (per cent) (not indexed), - 1430: Households - employees etc. ,- of which DKK,All maturities,All interest rate fixation periods,Alle sizes of loans,2018M09,2.014
Annualised agreed rate incl. administration rate (per cent) (not indexed), - 1430: Households - employees etc. ,- of which DKK,All maturities,All interest rate fixation periods,Alle sizes of loans,2018M10,2.030
Annualised agreed rate incl. administration rate (per cent) (not indexed), - 1430: Households - employees etc. ,- of which DKK,All maturities,All interest rate fixation periods,Alle sizes of loans,2018M11,2.118
Annualised agreed rate incl. administration rate (per cent) (not indexed), - 1430: Households - employees etc. ,- of which DKK,All maturities,All interest rate fixation periods,Alle sizes of loans,2018M12,1.847
Annualised agreed rate incl. administration rate (per cent) (not indexed), - 1430: Households - employees etc. ,- of which DKK,All maturities,All interest rate fixation periods,Alle sizes of loans,2019M01,1.973
Annualised agreed rate incl. administration rate (per cent) (not indexed), - 1430: Households - employees etc. ,- of which DKK,All maturities,All interest rate fixation periods,Alle sizes of loans,2019M02,1.958
Annualised agreed rate incl. administration rate (per cent) (not indexed), - 1430: Households - employees etc. ,- of which DKK,All maturities,All interest rate fixation periods,Alle sizes of loans,2019M03,1.686
Annualised agreed rate incl. administration rate (per cent) (not indexed), - 1430: Households - employees etc. ,- of which DKK,All maturities,All interest rate fixation periods,Alle sizes of loans,2019M04,1.852
Annualised agreed rate incl. administration rate (per cent) (not indexed), - 1430: Households - employees etc. ,- of which DKK,All maturities,All interest rate fixation periods,Alle sizes of loans,2019M05,1.864
Annualised agreed rate incl. administration rate (per cent) (not indexed), - 1430: Households - employees etc. ,- of which DKK,All maturities,All interest rate fixation periods,Alle sizes of loans,2019M06,1.703
Annualised agreed rate incl. administration rate (per cent) (not indexed), - 1430: Households - employees etc. ,- of which DKK,All maturities,All interest rate fixation periods,Alle sizes of loans,2019M07,1.616
Annualised agreed rate incl. administration rate (per cent) (not indexed), - 1430: Households - employees etc. ,- of which DKK,All maturities,All interest rate fixation periods,Alle sizes of loans,2019M08,1.574
Annualised agreed rate incl. administration rate (per cent) (not indexed), - 1430: Households - employees etc. ,- of which DKK,All maturities,All interest rate fixation periods,Alle sizes of loans,2019M09,1.477
Annualised agreed rate incl. administration rate (per cent) (not indexed), - 1430: Households - employees etc. ,- of which DKK,All maturities,All interest rate fixation periods,Alle sizes of loans,2019M10,1.416
Annualised agreed rate incl. administration rate (per cent) (not indexed), - 1430: Households - employees etc. ,- of which DKK,All maturities,All interest rate fixation periods,Alle sizes of loans,2019M11,1.505
Annualised agreed rate incl. administration rate (per cent) (not indexed), - 1430: Households - employees etc. ,- of which DKK,All maturities,All interest rate fixation periods,Alle sizes of loans,2019M12,1.477
Annualised agreed rate incl. administration rate (per cent) (not indexed), - 1430: Households - employees etc. ,- of which DKK,All maturities,All interest rate fixation periods,Alle sizes of loans,2020M01,1.482
Annualised agreed rate incl. administration rate (per cent) (not indexed), - 1430: Households - employees etc. ,- of which DKK,All maturities,All interest rate fixation periods,Alle sizes of loans,2020M02,1.495
Annualised agreed rate incl. administration rate (per cent) (not indexed), - 1430: Households - employees etc. ,- of which DKK,All maturities,All interest rate fixation periods,Alle sizes of loans,2020M03,1.462
Annualised agreed rate incl. administration rate (per cent) (not indexed), - 1430: Households - employees etc. ,- of which DKK,All maturities,All interest rate fixation periods,Alle sizes of loans,2020M04,1.810
Annualised agreed rate incl. administration rate (per cent) (not indexed), - 1430: Households - employees etc. ,- of which DKK,All maturities,All interest rate fixation periods,Alle sizes of loans,2020M05,1.629
Annualised agreed rate incl. administration rate (per cent) (not indexed), - 1430: Households - employees etc. ,- of which DKK,All maturities,All interest rate fixation periods,Alle sizes of loans,2020M06,1.530
Annualised agreed rate incl. administration rate (per cent) (not indexed), - 1430: Households - employees etc. ,- of which DKK,All maturities,All interest rate fixation periods,Alle sizes of loans,2020M07,1.576
Annualised agreed rate incl. administration rate (per cent) (not indexed), - 1430: Households - employees etc. ,- of which DKK,All maturities,All interest rate fixation periods,Alle sizes of loans,2020M08,1.629
Annualised agreed rate incl. administration rate (per cent) (not indexed), - 1430: Households - employees etc. ,- of which DKK,All maturities,All interest rate fixation periods,Alle sizes of loans,2020M09,1.392
Annualised agreed rate incl. administration rate (per cent) (not indexed), - 1430: Households - employees etc. ,- of which DKK,All maturities,All interest rate fixation periods,Alle sizes of loans,2020M10,1.466
Annualised agreed rate incl. administration rate (per cent) (not indexed), - 1430: Households - employees etc. ,- of which DKK,All maturities,All interest rate fixation periods,Alle sizes of loans,2020M11,1.496
Annualised agreed rate incl. administration rate (per cent) (not indexed), - 1430: Households - employees etc. ,- of which DKK,All maturities,All interest rate fixation periods,Alle sizes of loans,2020M12,1.403
Annualised agreed rate incl. administration rate (per cent) (not indexed), - 1430: Households - employees etc. ,- of which DKK,All maturities,All interest rate fixation periods,Alle sizes of loans,2021M01,1.339
Annualised agreed rate incl. administration rate (per cent) (not indexed), - 1430: Households - employees etc. ,- of which DKK,All maturities,All interest rate fixation periods,Alle sizes of loans,2021M02,1.464
Annualised agreed rate incl. administration rate (per cent) (not indexed), - 1430: Households - employees etc. ,- of which DKK,All maturities,All interest rate fixation periods,Alle sizes of loans,2021M03,1.453
Annualised agreed rate incl. administration rate (per cent) (not indexed), - 1430: Households - employees etc. ,- of which DKK,All maturities,All interest rate fixation periods,Alle sizes of loans,2021M04,1.650
Annualised agreed rate incl. administration rate (per cent) (not indexed), - 1430: Households - employees etc. ,- of which DKK,All maturities,All interest rate fixation periods,Alle sizes of loans,2021M05,1.788
Annualised agreed rate incl. administration rate (per cent) (not indexed), - 1430: Households - employees etc. ,- of which DKK,All maturities,All interest rate fixation periods,Alle sizes of loans,2021M06,1.770
Annualised agreed rate incl. administration rate (per cent) (not indexed), - 1430: Households - employees etc. ,- of which DKK,All maturities,All interest rate fixation periods,Alle sizes of loans,2021M07,1.790
Annualised agreed rate incl. administration rate (per cent) (not indexed), - 1430: Households - employees etc. ,- of which DKK,All maturities,All interest rate fixation periods,Alle sizes of loans,2021M08,1.736
Annualised agreed rate incl. administration rate (per cent) (not indexed), - 1430: Households - employees etc. ,- of which DKK,All maturities,All interest rate fixation periods,Alle sizes of loans,2021M09,1.687
Annualised agreed rate incl. administration rate (per cent) (not indexed), - 1430: Households - employees etc. ,- of which DKK,All maturities,All interest rate fixation periods,Alle sizes of loans,2021M10,1.710
Annualised agreed rate incl. administration rate (per cent) (not indexed), - 1430: Households - employees etc. ,- of which DKK,All maturities,All interest rate fixation periods,Alle sizes of loans,2021M11,1.924
Annualised agreed rate incl. administration rate (per cent) (not indexed), - 1430: Households - employees etc. ,- of which DKK,All maturities,All interest rate fixation periods,Alle sizes of loans,2021M12,1.692
Annualised agreed rate incl. administration rate (per cent) (not indexed), - 1430: Households - employees etc. ,- of which DKK,All maturities,All interest rate fixation periods,Alle sizes of loans,2022M01,1.861
Annualised agreed rate incl. administration rate (per cent) (not indexed), - 1430: Households - employees etc. ,- of which DKK,All maturities,All interest rate fixation periods,Alle sizes of loans,2022M02,2.160
Annualised agreed rate incl. administration rate (per cent) (not indexed), - 1430: Households - employees etc. ,- of which DKK,All maturities,All interest rate fixation periods,Alle sizes of loans,2022M03,2.305
Annualised agreed rate incl. administration rate (per cent) (not indexed), - 1430: Households - employees etc. ,- of which DKK,All maturities,All interest rate fixation periods,Alle sizes of loans,2022M04,2.539
Annualised agreed rate incl. administration rate (per cent) (not indexed), - 1430: Households - employees etc. ,- of which DKK,All maturities,All interest rate fixation periods,Alle sizes of loans,2022M05,2.768
Annualised agreed rate incl. administration rate (per cent) (not indexed), - 1430: Households - employees etc. ,- of which DKK,All maturities,All interest rate fixation periods,Alle sizes of loans,2022M06,3.010
Annualised agreed rate incl. administration rate (per cent) (not indexed), - 1430: Households - employees etc. ,- of which DKK,All maturities,All interest rate fixation periods,Alle sizes of loans,2022M07,3.395
Annualised agreed rate incl. administration rate (per cent) (not indexed), - 1430: Households - employees etc. ,- of which DKK,All maturities,All interest rate fixation periods,Alle sizes of loans,2022M08,3.350
Annualised agreed rate incl. administration rate (per cent) (not indexed), - 1430: Households - employees etc. ,- of which DKK,All maturities,All interest rate fixation periods,Alle sizes of loans,2022M09,3.758
Annualised agreed rate incl. administration rate (per cent) (not indexed), - 1430: Households - employees etc. ,- of which DKK,All maturities,All interest rate fixation periods,Alle sizes of loans,2022M10,4.533
Annualised agreed rate incl. administration rate (per cent) (not indexed), - 1430: Households - employees etc. ,- of which DKK,All maturities,All interest rate fixation periods,Alle sizes of loans,2022M11,4.564
Annualised agreed rate incl. administration rate (per cent) (not indexed), - 1430: Households - employees etc. ,- of which DKK,All maturities,All interest rate fixation periods,Alle sizes of loans,2022M12,4.678
Annualised agreed rate incl. administration rate (per cent) (not indexed), - 1430: Households - employees etc. ,- of which DKK,All maturities,All interest rate fixation periods,Alle sizes of loans,2023M01,4.970
Annualised agreed rate incl. administration rate (per cent) (not indexed), - 1430: Households - employees etc. ,- of which DKK,All maturities,All interest rate fixation periods,Alle sizes of loans,2023M02,4.977
Annualised agreed rate incl. administration rate (per cent) (not indexed), - 1430: Households - employees etc. ,- of which DKK,All maturities,All interest rate fixation periods,Alle sizes of loans,2023M03,5.058
Annualised agreed rate incl. administration rate (per cent) (not indexed), - 1430: Households - employees etc. ,- of which DKK,All maturities,All interest rate fixation periods,Alle sizes of loans,2023M04,5.125
Annualised agreed rate incl. administration rate (per cent) (not indexed), - 1430: Households - employees etc. ,- of which DKK,All maturities,All interest rate fixation periods,Alle sizes of loans,2023M05,5.255
Annualised agreed rate incl. administration rate (per cent) (not indexed), - 1430: Households - employees etc. ,- of which DKK,All maturities,All interest rate fixation periods,Alle sizes of loans,2023M06,5.276
Annualised agreed rate incl. administration rate (per cent) (not indexed), - 1430: Households - employees etc. ,- of which DKK,All maturities,All interest rate fixation periods,Alle sizes of loans,2023M07,5.458
Annualised agreed rate incl. administration rate (per cent) (not indexed), - 1430: Households - employees etc. ,- of which DKK,All maturities,All interest rate fixation periods,Alle sizes of loans,2023M08,5.516
Annualised agreed rate incl. administration rate (per cent) (not indexed), - 1430: Households - employees etc. ,- of which DKK,All maturities,All interest rate fixation periods,Alle sizes of loans,2023M09,5.399
Annualised agreed rate incl. administration rate (per cent) (not indexed), - 1430: Households - employees etc. ,- of which DKK,All maturities,All interest rate fixation periods,Alle sizes of loans,2023M10,5.406
Annualised agreed rate incl. administration rate (per cent) (not indexed), - 1430: Households - employees etc. ,- of which DKK,All maturities,All interest rate fixation periods,Alle sizes of loans,2023M11,5.434
Annualised agreed rate incl. administration rate (per cent) (not indexed), - 1430: Households - employees etc. ,- of which DKK,All maturities,All interest rate fixation periods,Alle sizes of loans,2023M12,5.203
Annualised agreed rate incl. administration rate (per cent) (not indexed), - 1430: Households - employees etc. ,- of which DKK,All maturities,All interest rate fixation periods,Alle sizes of loans,2024M01,4.835
Annualised agreed rate incl. administration rate (per cent) (not indexed), - 1430: Households - employees etc. ,- of which DKK,All maturities,All interest rate fixation periods,Alle sizes of loans,2024M02,4.729
Annualised agreed rate incl. administration rate (per cent) (not indexed), - 1430: Households - employees etc. ,- of which DKK,All maturities,All interest rate fixation periods,Alle sizes of loans,2024M03,4.611
Annualised agreed rate incl. administration rate (per cent) (not indexed), - 1430: Households - employees etc. ,- of which DKK,All maturities,All interest rate fixation periods,Alle sizes of loans,2024M04,4.602
Annualised agreed rate incl. administration rate (per cent) (not indexed), - 1430: Households - employees etc. ,- of which DKK,All maturities,All interest rate fixation periods,Alle sizes of loans,2024M05,4.823
Annualised agreed rate incl. administration rate (per cent) (not indexed), - 1430: Households - employees etc. ,- of which DKK,All maturities,All interest rate fixation periods,Alle sizes of loans,2024M06,4.717
Annualised agreed rate incl. administration rate (per cent) (not indexed), - 1430: Households - employees etc. ,- of which DKK,All maturities,All interest rate fixation periods,Alle sizes of loans,2024M07,4.666
Annualised agreed rate incl. administration rate (per cent) (not indexed), - 1430: Households - employees etc. ,- of which DKK,All maturities,All interest rate fixation periods,Alle sizes of loans,2024M08,4.559
Annualised agreed rate incl. administration rate (per cent) (not indexed), - 1430: Households - employees etc. ,- of which DKK,All maturities,All interest rate fixation periods,Alle sizes of loans,2024M09,4.337
Annualised agreed rate incl. administration rate (per cent) (not indexed), - 1430: Households - employees etc. ,- of which DKK,All maturities,All interest rate fixation periods,Alle sizes of loans,2024M10,4.175
Annualised agreed rate incl. administration rate (per cent) (not indexed), - 1430: Households - employees etc. ,- of which DKK,All maturities,All interest rate fixation periods,Alle sizes of loans,2024M11,4.113
Annualised agreed rate incl. administration rate (per cent) (not indexed), - 1430: Households - employees etc. ,- of which DKK,All maturities,All interest rate fixation periods,Alle sizes of loans,2024M12,3.827
Annualised agreed rate incl. administration rate (per cent) (not indexed), - 1430: Households - employees etc. ,- of which DKK,All maturities,All interest rate fixation periods,Alle sizes of loans,2025M01,3.938
Annualised agreed rate incl. administration rate (per cent) (not indexed), - 1430: Households - employees etc. ,- of which DKK,All maturities,All interest rate fixation periods,Alle sizes of loans,2025M02,3.998
Annualised agreed rate incl. administration rate (per cent) (not indexed), - 1430: Households - employees etc. ,- of which DKK,All maturities,All interest rate fixation periods,Alle sizes of loans,2025M03,3.893
Annualised agreed rate incl. administration rate (per cent) (not indexed), - 1430: Households - employees etc. ,- of which DKK,All maturities,All interest rate fixation periods,Alle sizes of loans,2025M04,3.853
Annualised agreed rate incl. administration rate (per cent) (not indexed), - 1430: Households - employees etc. ,- of which DKK,All maturities,All interest rate fixation periods,Alle sizes of loans,2025M05,3.906
Annualised agreed rate incl. administration rate (per cent) (not indexed), - 1430: Households - employees etc. ,- of which DKK,All maturities,All interest rate fixation periods,Alle sizes of loans,2025M06,3.797
Annualised agreed rate incl. administration rate (per cent) (not indexed), - 1430: Households - employees etc. ,- of which DKK,All maturities,All interest rate fixation periods,Alle sizes of loans,2025M07,3.650
Annualised agreed rate incl. administration rate (per cent) (not indexed), - 1430: Households - employees etc. ,- of which DKK,All maturities,All interest rate fixation periods,Alle sizes of loans,2025M08,3.725
Annualised agreed rate incl. administration rate (per cent) (not indexed), - 1430: Households - employees etc. ,- of which DKK,All maturities,All interest rate fixation periods,Alle sizes of loans,2025M09,3.629
Annualised agreed rate incl. administration rate (per cent) (not indexed), - 1430: Households - employees etc. ,- of which DKK,All maturities,All interest rate fixation periods,Alle sizes of loans,2025M10,3.603
Annualised agreed rate incl. administration rate (per cent) (not indexed), - 1430: Households - employees etc. ,- of which DKK,All maturities,All interest rate fixation periods,Alle sizes of loans,2025M11,3.589
Annualised agreed rate incl. administration rate (per cent) (not indexed), - 1430: Households - employees etc. ,- of which DKK,All maturities,All interest rate fixation periods,Alle sizes of loans,2025M12,3.583
Annualised agreed rate incl. administration rate (per cent) (not indexed), - 1430: Households - employees etc. ,- of which DKK,All maturities,All interest rate fixation periods,Alle sizes of loans,2026M01,3.770
Annualised agreed rate incl. administration rate (per cent) (not indexed), - 1430: Households - employees etc. ,- of which DKK,All maturities,All interest rate fixation periods,Alle sizes of loans,2026M02,3.778
Annualised agreed rate incl. administration rate (per cent) (not indexed), - 1430: Households - employees etc. ,- of which DKK,All maturities,All interest rate fixation periods,Alle sizes of loans,2026M03,3.855
Annualised agreed rate incl. administration rate (per cent) (not indexed), - 1430: Households - employees etc. ,- of which DKK,All maturities,All interest rate fixation periods,Alle sizes of loans,2026M04,3.886
Annualised agreed rate incl. administration rate (per cent) (not indexed), - 1430: Households - employees etc. ,- of which DKK,All maturities,All interest rate fixation periods,Alle sizes of loans,2026M05,4.002
Annualised agreed rate incl. administration rate (per cent) (not indexed), - 1430: Households - employees etc. ,- of which DKK,All maturities,All interest rate fixation periods,Alle sizes of loans,2026M06,3.907
