OMRÅDE,KØN,ALDER,CIVILSTAND,TID,INDHOLD
All Denmark,Men,"Age, total",Total,2008Q1,2712666
All Denmark,Women,"Age, total",Total,2008Q1,2763125
All Denmark,Total,"Age, total",Total,2008Q1,5475791
All Denmark,Men,"Age, total",Total,2008Q2,2716310
All Denmark,Women,"Age, total",Total,2008Q2,2765956
All Denmark,Total,"Age, total",Total,2008Q2,5482266
All Denmark,Men,"Age, total",Total,2008Q3,2720016
All Denmark,Women,"Age, total",Total,2008Q3,2769006
All Denmark,Total,"Age, total",Total,2008Q3,5489022
All Denmark,Men,"Age, total",Total,2008Q4,2728759
All Denmark,Women,"Age, total",Total,2008Q4,2777236
All Denmark,Total,"Age, total",Total,2008Q4,5505995
All Denmark,Men,"Age, total",Total,2009Q1,2732020
All Denmark,Women,"Age, total",Total,2009Q1,2779431
All Denmark,Total,"Age, total",Total,2009Q1,5511451
All Denmark,Men,"Age, total",Total,2009Q2,2733838
All Denmark,Women,"Age, total",Total,2009Q2,2781449
All Denmark,Total,"Age, total",Total,2009Q2,5515287
All Denmark,Men,"Age, total",Total,2009Q3,2735983
All Denmark,Women,"Age, total",Total,2009Q3,2783458
All Denmark,Total,"Age, total",Total,2009Q3,5519441
All Denmark,Men,"Age, total",Total,2009Q4,2742016
All Denmark,Women,"Age, total",Total,2009Q4,2790515
All Denmark,Total,"Age, total",Total,2009Q4,5532531
All Denmark,Men,"Age, total",Total,2010Q1,2743286
All Denmark,Women,"Age, total",Total,2010Q1,2791452
All Denmark,Total,"Age, total",Total,2010Q1,5534738
All Denmark,Men,"Age, total",Total,2010Q2,2745983
All Denmark,Women,"Age, total",Total,2010Q2,2794258
All Denmark,Total,"Age, total",Total,2010Q2,5540241
All Denmark,Men,"Age, total",Total,2010Q3,2748185
All Denmark,Women,"Age, total",Total,2010Q3,2795634
All Denmark,Total,"Age, total",Total,2010Q3,5543819
All Denmark,Men,"Age, total",Total,2010Q4,2754901
All Denmark,Women,"Age, total",Total,2010Q4,2802808
All Denmark,Total,"Age, total",Total,2010Q4,5557709
All Denmark,Men,"Age, total",Total,2011Q1,2756582
All Denmark,Women,"Age, total",Total,2011Q1,2804046
All Denmark,Total,"Age, total",Total,2011Q1,5560628
All Denmark,Men,"Age, total",Total,2011Q2,2758469
All Denmark,Women,"Age, total",Total,2011Q2,2805750
All Denmark,Total,"Age, total",Total,2011Q2,5564219
All Denmark,Men,"Age, total",Total,2011Q3,2760140
All Denmark,Women,"Age, total",Total,2011Q3,2806716
All Denmark,Total,"Age, total",Total,2011Q3,5566856
All Denmark,Men,"Age, total",Total,2011Q4,2766178
All Denmark,Women,"Age, total",Total,2011Q4,2813026
All Denmark,Total,"Age, total",Total,2011Q4,5579204
All Denmark,Men,"Age, total",Total,2012Q1,2766776
All Denmark,Women,"Age, total",Total,2012Q1,2813740
All Denmark,Total,"Age, total",Total,2012Q1,5580516
All Denmark,Men,"Age, total",Total,2012Q2,2769246
All Denmark,Women,"Age, total",Total,2012Q2,2815512
All Denmark,Total,"Age, total",Total,2012Q2,5584758
All Denmark,Men,"Age, total",Total,2012Q3,2771208
All Denmark,Women,"Age, total",Total,2012Q3,2815877
All Denmark,Total,"Age, total",Total,2012Q3,5587085
All Denmark,Men,"Age, total",Total,2012Q4,2777141
All Denmark,Women,"Age, total",Total,2012Q4,2822524
All Denmark,Total,"Age, total",Total,2012Q4,5599665
All Denmark,Men,"Age, total",Total,2013Q1,2778852
All Denmark,Women,"Age, total",Total,2013Q1,2823776
All Denmark,Total,"Age, total",Total,2013Q1,5602628
All Denmark,Men,"Age, total",Total,2013Q2,2780576
All Denmark,Women,"Age, total",Total,2013Q2,2825260
All Denmark,Total,"Age, total",Total,2013Q2,5605836
All Denmark,Men,"Age, total",Total,2013Q3,2782661
All Denmark,Women,"Age, total",Total,2013Q3,2826123
All Denmark,Total,"Age, total",Total,2013Q3,5608784
All Denmark,Men,"Age, total",Total,2013Q4,2789802
All Denmark,Women,"Age, total",Total,2013Q4,2833699
All Denmark,Total,"Age, total",Total,2013Q4,5623501
All Denmark,Men,"Age, total",Total,2014Q1,2792279
All Denmark,Women,"Age, total",Total,2014Q1,2834956
All Denmark,Total,"Age, total",Total,2014Q1,5627235
All Denmark,Men,"Age, total",Total,2014Q2,2796126
All Denmark,Women,"Age, total",Total,2014Q2,2838311
All Denmark,Total,"Age, total",Total,2014Q2,5634437
All Denmark,Men,"Age, total",Total,2014Q3,2799895
All Denmark,Women,"Age, total",Total,2014Q3,2839824
All Denmark,Total,"Age, total",Total,2014Q3,5639719
All Denmark,Men,"Age, total",Total,2014Q4,2808057
All Denmark,Women,"Age, total",Total,2014Q4,2847693
All Denmark,Total,"Age, total",Total,2014Q4,5655750
All Denmark,Men,"Age, total",Total,2015Q1,2811014
All Denmark,Women,"Age, total",Total,2015Q1,2848701
All Denmark,Total,"Age, total",Total,2015Q1,5659715
All Denmark,Men,"Age, total",Total,2015Q2,2816338
All Denmark,Women,"Age, total",Total,2015Q2,2852405
All Denmark,Total,"Age, total",Total,2015Q2,5668743
All Denmark,Men,"Age, total",Total,2015Q3,2822535
All Denmark,Women,"Age, total",Total,2015Q3,2855813
All Denmark,Total,"Age, total",Total,2015Q3,5678348
All Denmark,Men,"Age, total",Total,2015Q4,2833122
All Denmark,Women,"Age, total",Total,2015Q4,2866098
All Denmark,Total,"Age, total",Total,2015Q4,5699220
All Denmark,Men,"Age, total",Total,2016Q1,2837887
All Denmark,Women,"Age, total",Total,2016Q1,2869364
All Denmark,Total,"Age, total",Total,2016Q1,5707251
All Denmark,Men,"Age, total",Total,2016Q2,2843085
All Denmark,Women,"Age, total",Total,2016Q2,2873929
All Denmark,Total,"Age, total",Total,2016Q2,5717014
All Denmark,Men,"Age, total",Total,2016Q3,2848030
All Denmark,Women,"Age, total",Total,2016Q3,2876426
All Denmark,Total,"Age, total",Total,2016Q3,5724456
All Denmark,Men,"Age, total",Total,2016Q4,2858042
All Denmark,Women,"Age, total",Total,2016Q4,2887484
All Denmark,Total,"Age, total",Total,2016Q4,5745526
All Denmark,Men,"Age, total",Total,2017Q1,2860178
All Denmark,Women,"Age, total",Total,2017Q1,2888591
All Denmark,Total,"Age, total",Total,2017Q1,5748769
All Denmark,Men,"Age, total",Total,2017Q2,2863948
All Denmark,Women,"Age, total",Total,2017Q2,2892222
All Denmark,Total,"Age, total",Total,2017Q2,5756170
All Denmark,Men,"Age, total",Total,2017Q3,2866952
All Denmark,Women,"Age, total",Total,2017Q3,2893742
All Denmark,Total,"Age, total",Total,2017Q3,5760694
All Denmark,Men,"Age, total",Total,2017Q4,2875257
All Denmark,Women,"Age, total",Total,2017Q4,2903313
All Denmark,Total,"Age, total",Total,2017Q4,5778570
All Denmark,Men,"Age, total",Total,2018Q1,2876473
All Denmark,Women,"Age, total",Total,2018Q1,2904717
All Denmark,Total,"Age, total",Total,2018Q1,5781190
All Denmark,Men,"Age, total",Total,2018Q2,2878745
All Denmark,Women,"Age, total",Total,2018Q2,2907119
All Denmark,Total,"Age, total",Total,2018Q2,5785864
All Denmark,Men,"Age, total",Total,2018Q3,2881620
All Denmark,Women,"Age, total",Total,2018Q3,2908337
All Denmark,Total,"Age, total",Total,2018Q3,5789957
All Denmark,Men,"Age, total",Total,2018Q4,2888726
All Denmark,Women,"Age, total",Total,2018Q4,2917289
All Denmark,Total,"Age, total",Total,2018Q4,5806015
All Denmark,Men,"Age, total",Total,2019Q1,2889073
All Denmark,Women,"Age, total",Total,2019Q1,2917008
All Denmark,Total,"Age, total",Total,2019Q1,5806081
All Denmark,Men,"Age, total",Total,2019Q2,2891445
All Denmark,Women,"Age, total",Total,2019Q2,2919968
All Denmark,Total,"Age, total",Total,2019Q2,5811413
All Denmark,Men,"Age, total",Total,2019Q3,2893956
All Denmark,Women,"Age, total",Total,2019Q3,2920505
All Denmark,Total,"Age, total",Total,2019Q3,5814461
All Denmark,Men,"Age, total",Total,2019Q4,2899207
All Denmark,Women,"Age, total",Total,2019Q4,2928256
All Denmark,Total,"Age, total",Total,2019Q4,5827463
All Denmark,Men,"Age, total",Total,2020Q1,2896918
All Denmark,Women,"Age, total",Total,2020Q1,2925845
All Denmark,Total,"Age, total",Total,2020Q1,5822763
All Denmark,Men,"Age, total",Total,2020Q2,2897603
All Denmark,Women,"Age, total",Total,2020Q2,2927254
All Denmark,Total,"Age, total",Total,2020Q2,5824857
All Denmark,Men,"Age, total",Total,2020Q3,2897656
All Denmark,Women,"Age, total",Total,2020Q3,2927681
All Denmark,Total,"Age, total",Total,2020Q3,5825337
All Denmark,Men,"Age, total",Total,2020Q4,2903441
All Denmark,Women,"Age, total",Total,2020Q4,2933772
All Denmark,Total,"Age, total",Total,2020Q4,5837213
All Denmark,Men,"Age, total",Total,2021Q1,2904857
All Denmark,Women,"Age, total",Total,2021Q1,2935188
All Denmark,Total,"Age, total",Total,2021Q1,5840045
All Denmark,Men,"Age, total",Total,2021Q2,2906729
All Denmark,Women,"Age, total",Total,2021Q2,2936618
All Denmark,Total,"Age, total",Total,2021Q2,5843347
All Denmark,Men,"Age, total",Total,2021Q3,2910605
All Denmark,Women,"Age, total",Total,2021Q3,2939584
All Denmark,Total,"Age, total",Total,2021Q3,5850189
All Denmark,Men,"Age, total",Total,2021Q4,2919210
All Denmark,Women,"Age, total",Total,2021Q4,2948202
All Denmark,Total,"Age, total",Total,2021Q4,5867412
All Denmark,Men,"Age, total",Total,2022Q1,2922915
All Denmark,Women,"Age, total",Total,2022Q1,2950505
All Denmark,Total,"Age, total",Total,2022Q1,5873420
All Denmark,Men,"Age, total",Total,2022Q2,2927710
All Denmark,Women,"Age, total",Total,2022Q2,2955852
All Denmark,Total,"Age, total",Total,2022Q2,5883562
All Denmark,Men,"Age, total",Total,2022Q3,2937921
All Denmark,Women,"Age, total",Total,2022Q3,2972656
All Denmark,Total,"Age, total",Total,2022Q3,5910577
All Denmark,Men,"Age, total",Total,2022Q4,2946451
All Denmark,Women,"Age, total",Total,2022Q4,2981913
All Denmark,Total,"Age, total",Total,2022Q4,5928364
All Denmark,Men,"Age, total",Total,2023Q1,2948999
All Denmark,Women,"Age, total",Total,2023Q1,2983655
All Denmark,Total,"Age, total",Total,2023Q1,5932654
All Denmark,Men,"Age, total",Total,2023Q2,2953238
All Denmark,Women,"Age, total",Total,2023Q2,2988150
All Denmark,Total,"Age, total",Total,2023Q2,5941388
All Denmark,Men,"Age, total",Total,2023Q3,2955326
All Denmark,Women,"Age, total",Total,2023Q3,2988819
All Denmark,Total,"Age, total",Total,2023Q3,5944145
All Denmark,Men,"Age, total",Total,2023Q4,2962468
All Denmark,Women,"Age, total",Total,2023Q4,2996996
All Denmark,Total,"Age, total",Total,2023Q4,5959464
All Denmark,Men,"Age, total",Total,2024Q1,2963691
All Denmark,Women,"Age, total",Total,2024Q1,2997558
All Denmark,Total,"Age, total",Total,2024Q1,5961249
All Denmark,Men,"Age, total",Total,2024Q2,2966881
All Denmark,Women,"Age, total",Total,2024Q2,3000943
All Denmark,Total,"Age, total",Total,2024Q2,5967824
All Denmark,Men,"Age, total",Total,2024Q3,2969622
All Denmark,Women,"Age, total",Total,2024Q3,3002798
All Denmark,Total,"Age, total",Total,2024Q3,5972420
All Denmark,Men,"Age, total",Total,2024Q4,2977488
All Denmark,Women,"Age, total",Total,2024Q4,3012497
All Denmark,Total,"Age, total",Total,2024Q4,5989985
All Denmark,Men,"Age, total",Total,2025Q1,2978985
All Denmark,Women,"Age, total",Total,2025Q1,3013749
All Denmark,Total,"Age, total",Total,2025Q1,5992734
All Denmark,Men,"Age, total",Total,2025Q2,2982097
All Denmark,Women,"Age, total",Total,2025Q2,3017580
All Denmark,Total,"Age, total",Total,2025Q2,5999677
All Denmark,Men,"Age, total",Total,2025Q3,2984385
All Denmark,Women,"Age, total",Total,2025Q3,3018035
All Denmark,Total,"Age, total",Total,2025Q3,6002420
All Denmark,Men,"Age, total",Total,2025Q4,2992365
All Denmark,Women,"Age, total",Total,2025Q4,3027501
All Denmark,Total,"Age, total",Total,2025Q4,6019866
All Denmark,Men,"Age, total",Total,2026Q1,2996312
All Denmark,Women,"Age, total",Total,2026Q1,3029291
All Denmark,Total,"Age, total",Total,2026Q1,6025603
All Denmark,Men,"Age, total",Total,2026Q2,2998728
All Denmark,Women,"Age, total",Total,2026Q2,3032519
All Denmark,Total,"Age, total",Total,2026Q2,6031247
